Full Name,Address,Phone Number,Email,Username,Password,Interview Date,Qualification Level,Department,Location,Recruited By,Recruited On
Alex Bns,Sydney,4352658478,alex@gmail.com,alex.bns,alex,2024-05-08,Masters,Software,Sydney,alex,2024-05-25
Lara Sep,Perth,41025268965,lara@gmail.com,lara.sep,lara,2024-05-08,Masters,Aerospace,Brisbane,haspen,2024-05-25
Daniel Sage,Brisbane ,4587963210,daniel@gmaile.com,daniel.sage,daniel,2024-05-26,PhD,Mechanical,N/A,lisa,2024-05-26
Sergio Alen,Alaska,4058963254,sergio@gmail.com,sergio.alen,sergio,2024-05-26,PhD,N/A,Adelaide,lisa,2024-05-26
ram,ram,2222222222,admin@admin.admin,ram,ram,2024-06-02,Masters,N/A,Brisbane,haspen,2024-06-02
